Compound,Class,Formla,PRT,Monoisotopic,M+H
12-hydroxy-jasmonic acid,Jasmonates,C18H28O9,4.7,388.173332,389.180059
"2,3-dihydroxyindole",Trp Metabolism,C8H7NO2,5.41,149.047678,150.054405
24-epicastasterone,Brassinosteroids,C28H48O5,7.99,464.350174,465.356901
28-norcastasterone,Brassinosteroids,C27H46O5,8.01,450.334524,451.341251
2-amino-3-carboxymuconic acid-semialdehyde,Trp Metabolism,C7H7NO5,3.4,185.032422,186.039149
2-aminomuconate,Trp Metabolism,C6H7NO4,3.45,157.037507,158.044234
2-Aminomuconic semialdehyde,Trp Metabolism,C6H7NO3,3.62,141.042593,142.04932
2-aminophenol,Trp Metabolism,C6H7NO,5.1,109.052763,110.05949
2-formamino-benzoylacetate,Trp Metabolism,C10H9NO4,4.77,207.053157,208.059884
2-formylamino-benzaldehyde,Trp Metabolism,C7H7NO,5.01,121.052763,122.05949
2-hydroxymelatonin,Mel Conjugates,C13H18N2O3,4.65,250.131742,251.138469
2-methylthio-cis-zeatin,Cytokinins,C11H15N5OS,4.76,265.099731,266.106458
2-methylthio-cis-zeatin riboside,Cytokinins,C16H23N5O5S,4.39,397.14199,398.148717
2-methylthio-isopentenyladenine,Cytokinins,C11H15N5S,5.98,249.104816,250.111543
2-methylthio-isopentenyladenosine,Cytokinins,C16H23N5O4S,4.62,381.147075,382.153802
2-Oxoadipic acid,Trp Metabolism,C6H8O5,3.53,160.037173,161.0439
2-oxoindole-3-acetate,Trp Metabolism,C10H9NO3,4.47,191.058243,192.06497
2-oxo-indole-3-acetic acid,Auxins,C10H9NO3,4.47,191.058243,192.06497
3-Hydroxyanthranilic acid,Trp Metabolism,C7H7NO3,4.52,153.042593,154.04932
3-hydroxy-butanoyl-CoA,Trp Metabolism,C25H42N7O18P3S,4.05,853.151989,854.158716
3-hydroxykynurenine,Trp Metabolism,C10H12N2O4,4.03,224.079706,225.086433
3-indole glycol-aldehyde,Trp Metabolism,C10H9NO2,4.33,175.063328,176.070055
3-methoxy-anthranilate,Trp Metabolism,C8H9NO3,4.23,167.058243,168.06497
3-methyl-dioxy indole,Trp Metabolism,C9H9NO2,4.77,163.063328,164.070055
3-methyl-indolepyruvate,Trp Metabolism,C12H11NO3,4.48,217.073893,218.08062
3-oxo-2-(2-(Z)-pentenyl)cyclopentane-1-butyric acid,Jasmonates,C14H22O3,7,238.156894,239.163621
3-oxo-2-(2-(Z)-pentenyl)cyclopentane-1-hexanoic acid,Jasmonates,C16H26O3,7.04,266.188194,267.194921
"4-(2-amino-5-hydroxyphenyl)-2,4-dioxobutanoate",Trp Metabolism,C10H9NO5,4.24,223.048072,224.054799
"4,6-dihydroxyquinoline",Trp Metabolism,C9H7NO2,4.53,161.047678,162.054405
"4,8-dihydroxyquinoline",Trp Metabolism,C9H7NO2,4.72,161.047678,162.054405
4-hydroxymelatonin,Mel Conjugates,C13H16N2O3,4.62,248.116092,249.122819
"5-(2'-carboxyethyl)-4,6-dihydroxypicolinate",Trp Metabolism,C9H9NO6,3.97,227.042987,228.049714
"5-(2'-formylethyl)-4,6-dihydroxypicolinate",Trp Metabolism,C9H9NO5,4.19,211.048072,212.054799
"5-(3'-carboxy-3'-oxopropenyl)-4,6-dihydroxypicolinate",Trp Metabolism,C10H7NO7,4.01,253.022251,254.028978
"5-(3'-carboxy-3'-oxopropyl)-4,6-dihydroxypicolinate",Trp Metabolism,C10H9NO7,4.04,255.037901,256.044628
5-deoxystrigol,strigolactones,C19H22O5,7.84,330.146723,331.15345
5-hydroxy tryptophan,Trp Metabolism,C11H12N2O3,4.31,220.084792,221.091519
5-hydroxyindole-acetaldehyde,Trp Metabolism,C10H9NO2,4.67,175.063328,176.070055
5-hydroxy-indoleacetate,Trp Metabolism,C10H9NO3,4.49,191.058243,192.06497
5-hydroxyindole-acetylglycine,Trp Metabolism,C12H12N2O4,4.54,248.079706,249.086433
5-hydroxy-indolepyruvate,Trp Metabolism,C11H9NO4,4.49,219.053157,220.059884
5-hydroxy-kynureamine,Trp Metabolism,C10H12N2O4,4.11,224.079706,225.086433
5-Hydroxykynurenine,Trp Metabolism,C10H12N2O4,3.95,224.079706,225.086433
5-hydroxy-N-formylkynurenine,Trp Metabolism,C11H12N2O5,4.22,252.074621,253.081348
5-Methoxy-1H-indole-3-carbaldehyde,Indoleamines,C10H9NO2,5.11,175.063328,176.070055
5-methoxyindole-3 acetic acid,Indoleamines,C11H11NO3,4.66,205.073893,206.08062
5-methoxy-indoleacetate,Trp Metabolism,C11H11NO3,4.66,205.073893,206.08062
5-methoxytryptamine,Indoleamines,C11H14N2O,4.73,190.110613,191.11734
5-methoxytryptamine,Trp Metabolism,C11H14N2O,4.73,190.110613,191.11734
5-methoxytryptophol,Indoleamines,C11H13NO2,4.66,191.094628,192.101355
6-hydroxy-kynurenate,Trp Metabolism,C10H7NO4,4.47,205.037507,206.044234
6-hydroxymelatonin,Indoleamines,C13H16N2O3,4.59,248.116092,249.122819
"7,8-dihydroxykynurenate",Trp Metabolism,C10H7NO5,4.5,221.032422,222.039149
"7,8-hidydro-7,8-dihydroxykynurenate",Trp Metabolism,C10H9NO5,4.46,223.048072,224.054799
7-hydroxy-ABA,ABA,C15H20O5,5.81,280.131073,281.1378
7-hydroxymelatonin,Mel Conjugates,C13H16N2O3,4.85,248.116092,249.122819
8-methoxy-kynurenate,Trp Metabolism,C11H9NO4,4.72,219.053157,220.059884
"9,10-dihydrojasmonic acid",Jasmonates,C12H20O3,6.96,212.141244,213.147971
9-hydroxy-ABA,ABA,C15H20O5,5.87,280.131073,281.1378
Abscisic acid (ABA),ABA,C15H20O4,5.89,264.136159,265.142886
Acetoacetyl-CoA,Trp Metabolism,C25H40N7O18P3S,4.17,851.136339,852.143066
Acetyl-CoA,Trp Metabolism,C23H38N7O17P3S,4.17,809.125774,810.132501
Acetylindoxyl,Trp Metabolism,C10H9NO2,4.55,175.063328,176.070055
Aminomethylphosphonic Acid,Synthetic,CH6NO3P,3.2,111.00853,112.015257
Aminomuconate,Trp Metabolism,C6H7NO4,3.45,157.037507,158.044234
Aniline,Trp Metabolism,C6H5NH2,4.89,93.057849,94.064576
Anthranilate,Trp Metabolism,C7H7NO2,4.94,137.047678,138.054405
Anthranilic acid,Auxins,C7H7NO2,4.94,137.047678,138.054405
Betalamic acid,Catecholamines,C9H9NO5,3.87,211.048072,212.054799
Brassinolide,Brassinosteroids,C28H48O6,7.85,480.345089,481.351816
Bufotenine,Indoleamines,C12H16N2O,4.58,204.126263,205.13299
Cadaverine,Polyamines,C5H14N2,4.14,102.115698,103.122425
Caldohexamine,Polyamines,C15H38N6,4.09,302.315795,303.322522
Caldopentamine,Polyamines,C12H31N5,3.81,245.257946,246.264673
Castasterone,Brassinosteroids,C28H48O5,7.99,464.350174,465.356901
Cinnamoyl serotonin,Brassinosteroids,C19H18N2O2,6.31,306.136827,307.143554
Cinnavalininate,Trp Metabolism,C14H8N2O6,4.96,300.038235,301.044962
Cis-12-oxo-phytodienoic acid,Jasmonates,C18H28O3,7.07,292.203844,293.210571
Crotonyl-CoA,Trp Metabolism,C25H40N7O17P3S,4.16,835.141425,836.148152
Cyclic (3)-hydroxymelatonin,Indoleamines,C13H16N2O3,4.98,248.116092,249.122819
Cyclic-melatonin,Indoleamines,C13H14N2O2,5,230.105527,231.112254
Cyclo-dopa,Catecholamines,C9H9NO4,4.52,195.053157,196.059884
Cyclo-dopa-5-O-glucoside,Catecholamines,C15H19NO9,4.41,357.105981,358.112708
Dihydrophaseic acid,ABA,C15H22O5,4.42,282.146723,283.15345
Dihydrozeatin,Cytokinins,C10H15N5O,3.31,221.12766,222.134387
Dihydrozeatin riboside-O-glucoside,Cytokinins,C21H33N5O10,4.39,515.222742,516.229469
Dihydrozeatin-glucoside,Cytokinins,C16H25N5O6,4.12,383.180483,384.18721
Dinor-12-oxo-phytodienoic acid,Jasmonates,C18H24O3,6.99,288.172544,289.179271
Dolichosterone,Brassinosteroids,C28H46O5,7.99,462.334524,463.341251
Dopamine,Catecholamines,C8H11NO2,4.32,153.078978,154.085705
Dopaquinone,Catecholamines,C9H9NO4,3.72,195.053157,196.059884
Epinephrine,Catecholamines,C9H13NO3,4.04,183.089543,184.09627
Feruloyl serotonin,Indoleamines,C20H20N2O4,5.37,352.142307,353.149034
Formyl-5-hydroxy-kynureamine,Trp Metabolism,C10H12N2O3,4.36,208.084792,209.091519
Formylanthranilate,Trp Metabolism,C8H7NO3,4.71,165.042593,166.04932
Formylkynurenine,Trp Metabolism,C11H12N2O4,4.25,236.079706,237.086433
Formyl-n-acetyl-5-methoxykynureamine,Trp Metabolism,C13H16N2O4,4.67,264.111007,265.117734
Gamma-oxalo-crotonate,Trp Metabolism,C6H6O5,3.54,158.021523,159.02825
Gibberellin A1,Gibberellins,C19H24O6,5.01,348.157288,349.164015
Gibberellin A15,Gibberellins,C21H28O4,7.91,344.198759,345.205486
Gibberellin A19,Gibberellins,C20H26O6,6.77,362.172938,363.179665
Gibberellin A24,Gibberellins,C20H26O5,7.98,346.178023,347.18475
Gibberellin A29,Gibberellins,C19H24O6,4.62,348.157288,349.164015
Gibberellin A3 (GA3),Gibberellins,C19H22O6,4.62,346.141638,347.148365
Gibberellin A34,Gibberellins,C19H24O6,5.56,348.157288,349.164015
Gibberellin A4,Gibberellins,C19H24O5,7.95,332.162373,333.1691
Gibberellin A44,Gibberellins,C20H26O5,7.14,346.178023,347.18475
Gibberellin A5,Gibberellins,C19H22O5,6.99,330.146723,331.15345
Gibberellin A51,Gibberellins,C19H24O5,7.94,332.162373,333.1691
Gibberellin A53,Gibberellins,C20H28O5,7.91,348.193674,349.200401
Gibberellin A6,Gibberellins,C19H22O6,4.93,346.141638,347.148365
Gibberellin A8,Gibberellins,C19H24O7,4.6,364.152203,365.15893
Glucobrassicin,Trp Metabolism,C16H20N2O9S2,4.18,448.061022,449.067749
Glutaryl CoA,Trp Metabolism,C26H42N7O19P3S,4.2,881.146904,882.153631
Glyphosate,Synthetic,C3H8NO5P,3.06,169.014009,170.020736
Homobrassinolide,Brassinosteroids,C29H50O6,7.8,494.360739,495.367466
Homocastasterone,Brassinosteroids,C29H50O5,8,478.365824,479.372551
Homodolicholide,Brassinosteroids,C29H48O6,7.83,492.345089,493.351816
Homodolichosterone,Brassinosteroids,C29H48O5,8.02,476.350174,477.356901
Hydroxymelatonin,Trp Metabolism,C13H16N2O3,4.58,248.116092,249.122819
IAA alanine,Auxins,C13H14N2O3,4.38,246.100442,247.107169
IAA aspartate,Auxins,C20H22N2O10,4.24,450.127444,451.134171
IAA glutamate,Auxins,C21H24N2O10,4.35,464.143094,465.149821
IAA glycine,Auxins,C12H12N2O3,4.37,232.084792,233.091519
IAA leucine,Auxins,C16H20N2O3,5.89,288.147392,289.154119
IAA phenylalanine,Auxins,C19H18N2O3,5.96,322.131742,323.138469
IAA valine,Auxins,C15H17N2O4,4.41,289.118832,290.125559
Indol-3-yl-lactate,Trp Metabolism,C11H11NO3,4.26,205.073893,206.08062
Indole,Trp Metabolism,C8H7N,4.49,117.057849,118.064576
Indole-3-acetaldehyde,Trp Metabolism,C10H9NO,4.87,159.068413,160.07514
Indole-3-acetaldoxime,Trp Metabolism,C10H10N2O,4.79,174.079312,175.086039
Indole-3-acetamide,Auxins,C10H10N2O,4.32,174.079312,175.086039
Indole-3-acetic acid (IAA),Auxins,C10H9NO2,4.44,175.063328,176.070055
Indole-3-acetonitrile,Auxins,C10H8N2,4.48,156.068748,157.075475
Indole-3-butyric acid (IBA),Auxins,C12H13NO2,5.77,203.094628,204.101355
Indole-3-ethanol,Trp Metabolism,C10H11NO,4.42,161.084063,162.09079
Indole-3-thiohydroximate,Trp Metabolism,C10H10N2OS,4.52,206.051384,207.058111
Indolepyruvate,Trp Metabolism,C11H9NO3,4.35,203.058243,204.06497
Indolylmethyldesulfoglucosinolate,Trp Metabolism,C16H20N2O6S,4.48,368.104207,369.110934
Indoxyl,Trp Metabolism,C8H7NO,5.35,133.052763,134.05949
Isophenoxazine,Trp Metabolism,C12H8N2O2,4.87,212.058577,213.065304
JA-isoleucine,Jasmonates,C18H28NO4,7.31,322.201833,323.20856
JA-pheylalanine,Jasmonates,C20H26NO5,7.35,360.181097,361.187824
Jasmonic acid (JA),Jasmonates,C12H18O3,6.8,210.125594,211.132321
JA-tryptophan,Jasmonates,C22H27N2O5,7.12,399.191996,400.198723
JA-valine,Jasmonates,C16H26NO5,7.22,312.181097,313.187824
Karrikin 11,karrikins,C8H6O3,4.83,150.031694,151.038421
Karrikin 11,karrikins,C7H8O5,3.74,172.037173,173.0439
Karrikin 2,karrikins,C7H4O3,4.97,136.016043,137.02277
Karrikin 3,karrikins,C9H8O3,4.97,164.047344,165.054071
Karrikin 4,karrikins,C9H8O4,4.94,180.042258,181.048985
Karrikin 5,karrikins,C8H6O3,4.99,150.031694,151.038421
Karrikin 6,karrikins,C8H6O4,4.87,166.026608,167.033335
Kinetin (KIN),Cytokinins,C10H9N5O,4.76,215.080709,216.087436
Kinetin-9-glucoside,Cytokinins,C16H19N5O6,4.6,377.133533,378.14026
Kinetin-riboside,Cytokinins,C15H17N5O5,4.56,347.122968,348.129695
Kynuramine,Indoleamines,C9H12N2O,4.07,164.094963,165.10169
Kynurenate,Trp Metabolism,C10H7NO3,4.35,189.042593,190.04932
Kynurenine,Trp Metabolism,C10H12N2O3,4.06,208.084792,209.091519
Levodopa,Catecholamines,C9H11NO4,4.05,197.068807,198.075534
MEL-Ala,Mel Conjugates,C16H21N3O3,4.65,303.158291,304.165018
MEL-Arg,Mel Conjugates,C19H36N6O3,4.65,396.284889,397.291616
MEL-Asn,Mel Conjugates,C17H22N4O4,4.39,346.164105,347.170832
MEL-Asp,Mel Conjugates,C17H21N3O5,4.53,347.14812,348.154847
Melatonin (MEL),Indoleamines,C13H16N2O2,4.84,232.121177,233.127904
MEL-Cys,Mel Conjugates,C16H21N3O3S,4.82,335.130362,336.137089
MEL-Gln,Mel Conjugates,C18H24N4O4,4.54,360.179755,361.186482
MEL-Glu,Mel Conjugates,C18H23N3O5,4.69,361.16377,362.170497
MEL-Gly,Mel Conjugates,C15H19N3O3,4.62,289.142641,290.149368
MEL-His,Mel Conjugates,C19H23N5O3,4.99,369.180089,370.186816
MEL-Ile,Mel Conjugates,C19H27N3O3,5.55,345.205241,346.211968
MEL-Leu,Mel Conjugates,C19H27N3O3,5.56,345.205241,346.211968
MEL-Lys,Mel Conjugates,C19H28N4O3,4.75,360.21614,361.222867
MEL-Met,Mel Conjugates,C18H25N3O3S,5.48,363.161662,364.168389
MEL-Phe,Mel Conjugates,C22H25N3O3,5.9,379.189591,380.196318
MEL-Pro,Mel Conjugates,C18H23N3O3,5.31,329.173941,330.180668
MEL-Ser,Mel Conjugates,C16H12N3O4,4.59,310.08278,311.089507
MEL-Thr,Mel Conjugates,C17H23N3O4,4.49,333.168856,334.175583
MEL-Trp,Mel Conjugates,C24H26N4O3,5.96,418.20049,419.207217
MEL-Tyr,Mel Conjugates,C22H25N3O4,5.24,395.184506,396.191233
MEL-Val,Mel Conjugates,C18H25N3O3,5.43,331.189591,332.196318
Meta-topolin,Cytokinins,C12H11N5O,4.69,241.096359,242.103086
Meta-topolin riboside,Cytokinins,C17H19N5O7,4.67,405.128447,406.135174
Meta-topolin-9-glucoside,Cytokinins,C18H21N5O7,4.75,419.144098,420.150825
N6-benzyladenine,Cytokinins,C12H11N5,4.45,225.101445,226.108172
N6-benzyladenine riboside,Cytokinins,C12H11N5,4.87,225.101445,226.108172
"N6-benzyladenine-7,9-diglucoside",Cytokinins,C24H33N5O10,4.79,551.222742,552.229469
N6-benzyladenine-7-glucoside,Cytokinins,C18H21N5O5,4.7,387.154268,388.160995
N6-benzyladenine-9-glucoside,Cytokinins,C18H23N5O5,4.86,389.169918,390.176645
N6-isopentenyladenine,Cytokinins,C23H29N5O9,4.06,519.196527,520.203254
N6-isopentenyladenine-7-glucoside,Cytokinins,C10H13N5O,4.12,219.11201,220.118737
N6-isopentenyladenosine,Cytokinins,C16H23N5O5,4.21,365.169918,366.176645
N6-N2-formyl-5-methoxykynuramine,Cytokinins,C15H22N5O7P,4.67,415.125685,416.132412
N-acetylisatin,Indoleamines,C10H7NO3,4.8,189.042593,190.04932
N-Acetylserotonin,Trp Metabolism,C12H14N2O2,4.15,218.105527,219.112254
N-caffeoyl Melatonin,Mel Conjugates,C22H22N2O5,5.89,394.152871,395.159598
N-cinnamoyl Melatonin,Mel Conjugates,C22H22N2O3,6.57,362.163042,363.169769
N-coumaroyl Melatonin,Trp Metabolism,C22H22N2O4,5.91,378.157957,379.164684
Neophaseic acid,Mel Conjugates,C15H20O5,4.34,280.131073,281.1378
N-feruloyl Melatonin,Mel Conjugates,C23H24N2O5,5.92,408.168521,409.175248
N-hydroxy-tryptamine,ABA,C15H19O5,4.49,279.123248,280.129975
Nicotinic acid mononucleotide,Trp Metabolism,C11H14NO9P,4.02,335.040618,336.047345
N-methylserotonin,Trp Metabolism,C11H14N2O,4.63,190.110613,191.11734
N-methyltryptamine,Trp Metabolism,C11H14N2,4.77,174.115698,175.122425
Norbrassinolide,Brassinosteroids,C27H46O6,7.85,466.329439,467.336166
Norepinephrine,Brassinosteroids,C8H11NO3,3.91,169.073893,170.08062
N-sinapoyl Melatonin,Mel Conjugates,C24H26N2O6,5.84,438.179086,439.185813
Octopamine ,Catecholamines,C8H11NO2,4.06,153.078978,154.085705
olicholide,Brassinosteroids,C28H46O6,7.87,478.329439,479.336166
Orobanchol,strigolactones,C19H22O6,7.56,346.141638,347.148365
Orobanchyl acetate,strigolactones,C21H24O7,7.74,388.152203,389.15893
Ortho-topolin,Cytokinins,C12H11N5O,4.92,241.096359,242.103086
Ortho-topolin riboside,Cytokinins,C17H19N5O6,4.84,389.133533,390.14026
Ortho-tropolin-9-glucoside,Cytokinins,C18H21N5O8,4.59,435.139012,436.145739
Para-topolin riboside,Cytokinins,C17H19N5O5,4.79,373.138618,374.145345
Para-tropolin,Cytokinins,C12H11N5O,4.75,241.096359,242.103086
Para-tropolin-9-glucoside,Cytokinins,C18H21N5O9,4.61,451.133927,452.140654
Phaseic acid,ABA,C15H20O5,4.33,280.131073,281.1378
Picolinate,Trp Metabolism,C6H5NO2,4.49,123.032028,124.038755
Putrescine,Polyamines,C4H12N2,3.93,88.100048,89.106775
Quinolinate,Trp Metabolism,C7H5NO4,4.42,167.021857,168.028584
Quinolinic acid,Trp Metabolism,C7H5NO4,4.42,167.021857,168.028584
Salicyclic acid,SA,C7H6O3,5.07,138.031694,139.038421
Serotonin (5HT),Indoleamines,C10H12N2O,4.49,176.094963,177.10169
Skatole,Trp Metabolism,C9H9N,6.42,131.073499,132.080226
Sorgolactone,strigolactones,C18H20O5,7.76,316.131073,317.1378
Spermidine,Polyamines,C7H19N3,3.74,145.157897,146.164624
Spermine,Polyamines,C10H26N4,3.74,202.215746,203.222473
Strigol,strigolactones,C19H22O6,6.86,346.141638,347.148365
Strigyl acetate,strigolactones,C21H24O7,7.73,388.152203,389.15893
Teasterone,Brassinosteroids,C28H48O4,8.04,448.35526,449.361987
Tetrakis(3-aminopropyl) ammonium,Polyamines,C12H32N5,4.02,246.265771,247.272498
Thidiazuron,Synthetic,C9H8N4OS,6.13,220.041882,221.048609
Thidiazuron (dimer),Synthetic,C18H16N8O2S2,6.48,440.083764,441.090491
Thidiazuron (tetramer),Synthetic,C36H32N16O4S4,6.51,880.167528,881.174255
Thidiazuron (trimer),Synthetic,C27H24N12O3S3,6.64,660.125646,661.132373
Tris(3-aminopropyl) amine,Polyamines,C9H24N4,3.59,188.200096,189.206823
Tryptamine,Indoleamines,C10H12N2,4.73,160.100048,161.106775
Tryptophan,Indoleamines,C11H12N2O2,4.06,204.089877,205.096604
Typhasterol,Brassinosteroids,C28H48O4,8.04,448.35526,449.361987
Tyramine,Catecholamines,C8H11NO,4.48,137.084063,138.09079
Tyrosine,Catecholamines,C9H11NO3,3.88,181.073893,182.08062
Xanthurenate,Trp Metabolism,C10H7NO4,4.54,205.037507,206.044234
Zeatin,Cytokinins,C10H13N5O,3.13,219.11201,220.118737
Zeatin riboside,Cytokinins,C15H21N5O5,3.98,351.154268,352.160995
Zeatin riboside-O-glucoside,Cytokinins,C21H31N5O10,4.31,513.207092,514.213819
Zeatin-7-glucoside,Cytokinins,C16H25N5O6,4.52,383.180483,384.18721
Zeatin-9-glucoside,Cytokinins,C16H23N5O6,4.1,381.164833,382.17156
Zeatin-O-glucoside,Cytokinins,C16H23N5O6,4.15,381.164833,382.17156
