Compound Name,Class
7/9-hydroxy-ABA,ABA
Abscisic acd,ABA
dihydrophaseic acid,ABA
neophaseic acid,ABA
phaseic acid,ABA
2-oxo-indole-3-acetic acid,Auxins
anthranilic acid,Auxins
IAA alanine,Auxins
IAA aspartate,Auxins
IAA glutamate,Auxins
IAA glycine,Auxins
IAA leucine,Auxins
IAA phenylalanine,Auxins
IAA valine,Auxins
indole-3-acetamide,Auxins
indole-3-acetic acid,Auxins
indole-3-acetonitrile,Auxins
indole-3-butyric acid,Auxins
24-epicastasterone,Brassinosteroids
28-norcastasterone,Brassinosteroids
brassinolide,Brassinosteroids
castasterone,Brassinosteroids
cinnamoyl serotonin,Brassinosteroids
dolicholide,Brassinosteroids
dolichosterone,Brassinosteroids
homobrassinolide,Brassinosteroids
homocastasterone,Brassinosteroids
homodolicholide,Brassinosteroids
homodolichosterone,Brassinosteroids
norbrassinolide,Brassinosteroids
teasterone,Brassinosteroids
typhasterol,Brassinosteroids
betalamic acid,Catecholamines
cyclo-dopa,Catecholamines
cyclo-dopa-5-O-glucoside,Catecholamines
dopamine,Catecholamines
dopaquinone,Catecholamines
Epinephrine,Catecholamines
levodopa,Catecholamines
norepinephrine,Catecholamines
tyramine,Catecholamines
Tyrosine,Catecholamines
2-methylthio-cis-zeatin,Cytokinins
2-methylthio-cis-zeatin riboside,Cytokinins
2-methylthio-isopentenyladenine,Cytokinins
2-methylthio-isopentenyladenosine,Cytokinins
dihydrozeatin,Cytokinins
dihydrozeatin riboside-O-glucoside,Cytokinins
dihydrozeatin-(7/9)-glucoside,Cytokinins
kinetin,Cytokinins
kinetin-9-glucoside,Cytokinins
kinetin-riboside,Cytokinins
N6-benzyladenine,Cytokinins
N6-benzyladenine riboside,Cytokinins
N6-benzyladenine-(7/9)-glucoside,Cytokinins
N6-isopentenyladenine,Cytokinins
N6-isopentenyladenine-(7/9)-glucoside,Cytokinins
N6-isopentenyladenosine,Cytokinins
para/meta/ortho-topolin,Cytokinins
para/meta/ortho-topolin riboside,Cytokinins
para/meta/ortho-topolin-9-glucoside,Cytokinins
zeatin,Cytokinins
zeatin riboside,Cytokinins
zeatin riboside-O-glucoside,Cytokinins
zeatin-(7/9/O)-glucoside,Cytokinins
Gibberellin A1,Gibberellins
Gibberellin A15,Gibberellins
Gibberellin A19,Gibberellins
Gibberellin A24,Gibberellins
Gibberellin A29,Gibberellins
Gibberellin A3,Gibberellins
Gibberellin A34,Gibberellins
Gibberellin A4,Gibberellins
Gibberellin A44,Gibberellins
Gibberellin A5,Gibberellins
Gibberellin A51,Gibberellins
Gibberellin A53,Gibberellins
Gibberellin A6,Gibberellins
Gibberellin A8,Gibberellins
(2/4/6/7)-hydroxymelatonin,Indoleamines
5-Methoxy-1H-indole-3-carbaldehyde,Indoleamines
5-methoxyindole-3 acetic acid,Indoleamines
5-methoxytryptamine; O-methylserotonin,Indoleamines
5-methoxytryptophol,Indoleamines
bufotenine,Indoleamines
cyclic (3)-hydroxymelatonin,Indoleamines
cyclic-melatonin,Indoleamines
feruloyl serotonin,Indoleamines
kynuramine,Indoleamines
melatonin,Indoleamines
N1-acetyl-5-methoxykynuramine,Indoleamines
N6-N2-formyl-5-methoxykynuramine,Indoleamines
serotonin,Indoleamines
tryptamine,Indoleamines
tryptophan,Indoleamines
12-hydroxy-jasmonic acid,Jasmonates
3-oxo-2-(2-(Z)-pentenyl)cyclopentane-1-butyric acid,Jasmonates
3-oxo-2-(2-(Z)-pentenyl)cyclopentane-1-hexanoic acid,Jasmonates
"9,10-dihydrojasmonic acid",Jasmonates
cis-12-oxo-phytodienoic acid,Jasmonates
dinor-12-oxo-phytodienoic acid,Jasmonates
JA-isoleucine,Jasmonates
JA-pheylalanine,Jasmonates
jasmonic acid,Jasmonates
JA-tryptophan,Jasmonates
JA-valine,Jasmonates
KAR1,karrikins
KAR11,karrikins
KAR2,karrikins
KAR3,karrikins
KAR4,karrikins
KAR5,karrikins
KAR6,karrikins
caffeoylMEL,Mel Conjugates
cinnamoylMEL,Mel Conjugates
feruloylMEL,Mel Conjugates
MEL-Ala,Mel Conjugates
MEL-Arg,Mel Conjugates
MEL-Asn,Mel Conjugates
MEL-Asp,Mel Conjugates
MEL-Cys,Mel Conjugates
MEL-Gln,Mel Conjugates
MEL-Glu,Mel Conjugates
MEL-Gly,Mel Conjugates
MEL-His,Mel Conjugates
MEL-Ile,Mel Conjugates
MEL-Leu,Mel Conjugates
MEL-Lys,Mel Conjugates
MEL-Met,Mel Conjugates
MEL-Phe,Mel Conjugates
MEL-Pro,Mel Conjugates
MEL-Ser,Mel Conjugates
MEL-Thr,Mel Conjugates
MEL-Trp,Mel Conjugates
MEL-Tyr,Mel Conjugates
MEL-Val,Mel Conjugates
N-coumaroylMEL,Mel Conjugates
sinapoylMEL,Mel Conjugates
Mitragynine,Alkaloids
Salicyclic acid,SA
5-deoxystrigol,strigolactones
orobanchol,strigolactones
orobanchyl acetate,strigolactones
sorgolactone,strigolactones
strigol,strigolactones
strigyl acetate,strigolactones
"2,3-dihydroxyindole",Trp Metabolism
2-amino-3-carboxymuconic acid-semialdehyde,Trp Metabolism
2-aminomuconate,Trp Metabolism
2-Aminomuconic semialdehyde,Trp Metabolism
2-aminophenol,Trp Metabolism
2-formamino-benzoylacetate,Trp Metabolism
2-formylamino-benzaldehyde,Trp Metabolism
2-oxoadipate,Trp Metabolism
2-oxoindole-3-acetate,Trp Metabolism
3/5-hydroxykynurenine,Trp Metabolism
3-hydroxyanthranilate,Trp Metabolism
3-hydroxy-butanoyl-coa,Trp Metabolism
3-hydroxykynuramine,Trp Metabolism
3-indoleglycol-aldehyde,Trp Metabolism
3-methoxy-anthranilate,Trp Metabolism
3-methyl-dioxyindole,Trp Metabolism
3-methyl-indolepyruvate,Trp Metabolism
"4-(2-amino-5-hydroxyphenyl)-2,4-dioxobutanoate",Trp Metabolism
"4,6-dihydroxyquinoline",Trp Metabolism
"4,8-dihydroxyquinoline",Trp Metabolism
"5-(2'-carboxyethyl)-4,6-dihydroxypicolinate",Trp Metabolism
"5-(2'-formylethyl)-4,6-dihydroxypicolinate",Trp Metabolism
"5-(3'-carboxy-3'-oxopropenyl)-4,6-dihydroxypicolinate",Trp Metabolism
"5-(3'-carboxy-3'-oxopropyl)-4,6-dihydroxypicolinate",Trp Metabolism
5-HTP,Trp Metabolism
5-hydroxyindole-acetaldehyde,Trp Metabolism
5-hydroxy-indoleacetate,Trp Metabolism
5-hydroxyindole-acetylglycine,Trp Metabolism
5-hydroxy-indolepyruvate,Trp Metabolism
5-hydroxy-kynureamine,Trp Metabolism
5-hydroxy-N-formylkynurenine,Trp Metabolism
5-methoxy-indoleacetate,Trp Metabolism
5-methoxytryptamine,Trp Metabolism
6-hydroxy-kynurenate,Trp Metabolism
"7,8-dihydroxykynurenate",Trp Metabolism
"7,8-hidydro-7,8-dihydroxykynurenate",Trp Metabolism
8-methoxy-kynurenate,Trp Metabolism
acetoacetyl coa,Trp Metabolism
acetyl coa,Trp Metabolism
acetylindoxyl,Trp Metabolism
aminomuconate,Trp Metabolism
aniline,Trp Metabolism
anthranilate,Trp Metabolism
cinnavalininate,Trp Metabolism
crotonyl-coA,Trp Metabolism
formyl-5-hydroxy-kynureamine,Trp Metabolism
formylanthranilate,Trp Metabolism
formylkynurenine,Trp Metabolism
formyl-n-acetyl-5-methoxykynureamine,Trp Metabolism
gamma-oxalo-crotonate,Trp Metabolism
glucobrassicin,Trp Metabolism
glutaryl CoA,Trp Metabolism
hydroxymelatonin,Trp Metabolism
indol-3-yl-lactate,Trp Metabolism
indole,Trp Metabolism
indole-3-acetaldehyde,Trp Metabolism
indole-3-acetaldoxime,Trp Metabolism
indole-3-ethanol,Trp Metabolism
indole-3-thiohydroximate,Trp Metabolism
indolepyruvate,Trp Metabolism
indolylmethyldesulfoglucosinolate,Trp Metabolism
indoxyl,Trp Metabolism
isophenoxazine,Trp Metabolism
kynurenate,Trp Metabolism
kynurenine,Trp Metabolism
N-acetylisatin,Trp Metabolism
n-acetylserotonin,Trp Metabolism
n-hydroxy-tryptamine,Trp Metabolism
nicotinic acid mononucleotide,Trp Metabolism
n-methylserotonin,Trp Metabolism
N-methyltryptamine,Trp Metabolism
picolinate,Trp Metabolism
quinolinate,Trp Metabolism
quinolinic acid,Trp Metabolism
skatole,Trp Metabolism
xanthurenate,Trp Metabolism
Secologanin,Alkaloids
Strictosidine,Alkaloids
Glyphosate,Synthetic
Aminomethylphosphonic Acid,Synthetic
Thidiazuron (mono),Synthetic
Thidiazuron (dimer),Synthetic
Thidiazuron (trimer),Synthetic
Thidiazuron (tetramer),Synthetic
camptothecin,Alkaloids
Reserpine,Alkaloids
Lysergic Acid,Alkaloids
Ibogaine,Alkaloids
Ibogamine,Alkaloids
Voacangine,Alkaloids
Catharanthine,Alkaloids
Yohimbine,Alkaloids
"N,N-Dimethyltryptamine",Alkaloids
Strictosamide,Alkaloids
Putrescine,Polyamines
Cadaverine,Polyamines
Spermidine,Polyamines
Spermine,Polyamines
caldopentamine,Polyamines
caldohexamine,Polyamines
tris(3-aminopropyl) amine,Polyamines
tetrakis(3-aminopropyl) ammonium,Polyamines
