names,variable,value
7/9-hydroxy-ABA,Monoisotopic,281.1389
Abscisic acd,Monoisotopic,264.136159
dihydrophaseic acid,Monoisotopic,282.146724
neophaseic acid,Monoisotopic,279.123249
phaseic acid,Monoisotopic,280.131074
2-oxo-indole-3-acetic acid,Monoisotopic,191.18336
anthranilic acid,Monoisotopic,137.047678
IAA alanine,Monoisotopic,246.100442
IAA aspartate,Monoisotopic,450.127445
IAA glutamate,Monoisotopic,464.143095
IAA glycine,Monoisotopic,232.23528
IAA leucine,Monoisotopic,288.147393
IAA phenylalanine,Monoisotopic,322.131742
IAA valine,Monoisotopic,289.118832
indole-3-acetamide,Monoisotopic,524.269988
indole-3-acetic acid,Monoisotopic,175.063329
indole-3-acetonitrile,Monoisotopic,156.068748
indole-3-butyric acid,Monoisotopic,203.094629
24-epicastasterone,Monoisotopic,464.350175
28-norcastasterone,Monoisotopic,450.334525
brassinolide,Monoisotopic,480.345089
castasterone,Monoisotopic,464.350175
cinnamoyl serotonin,Monoisotopic,306.136828
dolicholide,Monoisotopic,478.329439
dolichosterone,Monoisotopic,462.334525
homobrassinolide,Monoisotopic,494.360739
homocastasterone,Monoisotopic,478.365825
homodolicholide,Monoisotopic,492.345089
homodolichosterone,Monoisotopic,476.350175
norbrassinolide,Monoisotopic,466.329439
teasterone,Monoisotopic,448.35526
typhasterol,Monoisotopic,448.35526
betalamic acid,Monoisotopic,211.048072
cyclo-dopa,Monoisotopic,195.053158
cyclo-dopa-5-O-glucoside,Monoisotopic,357.105981
dopamine,Monoisotopic,153.078979
dopaquinone,Monoisotopic,195.053158
Epinephrine,Monoisotopic,183.089543
levodopa,Monoisotopic,197.068808
norepinephrine,Monoisotopic,169.073893
tyramine,Monoisotopic,137.084064
Tyrosine,Monoisotopic,181.073893
octopamine ,Monoisotopic,153.07897
2-methylthio-cis-zeatin,Monoisotopic,265.099732
2-methylthio-cis-zeatin riboside,Monoisotopic,397.14199
2-methylthio-isopentenyladenine,Monoisotopic,249.104817
2-methylthio-isopentenyladenosine,Monoisotopic,381.147077
dihydrozeatin,Monoisotopic,221.12766
dihydrozeatin riboside-O-glucoside,Monoisotopic,515.222745
dihydrozeatin-(7/9)-glucoside,Monoisotopic,383.180484
kinetin,Monoisotopic,215.08071
kinetin-9-glucoside,Monoisotopic,377.133535
kinetin-riboside,Monoisotopic,347.12297
N6-benzyladenine,Monoisotopic,225.101445
N6-benzyladenine riboside,Monoisotopic,357.143704
N6-benzyladenine-(7/9)-glucoside,Monoisotopic,519.196529
N6-isopentenyladenine,Monoisotopic,203.117095
N6-isopentenyladenine-(7/9)-glucoside,Monoisotopic,365.169922
N6-isopentenyladenosine,Monoisotopic,335.15935
para/meta/ortho-topolin,Monoisotopic,241.09636
para/meta/ortho-topolin riboside,Monoisotopic,373.138619
para/meta/ortho-topolin-9-glucoside,Monoisotopic,419.144098
zeatin,Monoisotopic,219.11201
zeatin riboside,Monoisotopic,351.154269
zeatin riboside-O-glucoside,Monoisotopic,513.207092
zeatin-(7/9/O)-glucoside,Monoisotopic,381.164833
Gibberellin A1,Monoisotopic,348.157288
Gibberellin A15,Monoisotopic,344.198759
Gibberellin A19,Monoisotopic,362.172939
Gibberellin A24,Monoisotopic,346.178024
Gibberellin A29,Monoisotopic,348.157288
Gibberellin A3,Monoisotopic,346.141638
Gibberellin A34,Monoisotopic,348.157288
Gibberellin A4,Monoisotopic,332.162374
Gibberellin A44,Monoisotopic,346.178024
Gibberellin A5,Monoisotopic,330.146724
Gibberellin A51,Monoisotopic,332.162374
Gibberellin A53,Monoisotopic,348.193674
Gibberellin A6,Monoisotopic,346.141638
Gibberellin A8,Monoisotopic,364.152203
(2/4/6/7)-hydroxymelatonin,Monoisotopic,248.116089
5-Methoxy-1H-indole-3-carbaldehyde,Monoisotopic,175.063329
5-methoxyindole-3 acetic acid,Monoisotopic,205.073893
5-methoxytryptamine; O-methylserotonin,Monoisotopic,190.110613
5-methoxytryptophol,Monoisotopic,191.094628
bufotenine,Monoisotopic,204.126263
cyclic (3)-hydroxymelatonin,Monoisotopic,246.100442
cyclic-melatonin,Monoisotopic,230.105527
feruloyl serotonin,Monoisotopic,352.142307
kynuramine,Monoisotopic,164.094963
melatonin,Monoisotopic,232.121178
N1-acetyl-5-methoxykynuramine,Monoisotopic,236.116092
N6-N2-formyl-5-methoxykynuramine,Monoisotopic,264.111007
serotonin,Monoisotopic,176.094963
tryptamine,Monoisotopic,160.100048
tryptophan,Monoisotopic,204.089878
12-hydroxy-jasmonic acid,Monoisotopic,388.173332
3-oxo-2-(2-(Z)-pentenyl)cyclopentane-1-butyric acid,Monoisotopic,238.156895
3-oxo-2-(2-(Z)-pentenyl)cyclopentane-1-hexanoic acid,Monoisotopic,266.188195
"9,10-dihydrojasmonic acid",Monoisotopic,212.141244
cis-12-oxo-phytodienoic acid,Monoisotopic,292.203845
dinor-12-oxo-phytodienoic acid,Monoisotopic,264.172747
JA-isoleucine,Monoisotopic,322.201833
JA-pheylalanine,Monoisotopic,360.181099
jasmonic acid,Monoisotopic,210.125594
JA-tryptophan,Monoisotopic,399.191998
JA-valine,Monoisotopic,312.181099
KAR1,Monoisotopic,150.03169
KAR11,Monoisotopic,172.0372
KAR2,Monoisotopic,136.016
KAR3,Monoisotopic,164.0473
KAR4,Monoisotopic,164.0473
KAR5,Monoisotopic,150.0317
KAR6,Monoisotopic,150.0317
caffeoylMEL,Monoisotopic,394.152872
cinnamoylMEL,Monoisotopic,362.163043
feruloylMEL,Monoisotopic,408.168522
MEL-Ala,Monoisotopic,285.142888
MEL-Arg,Monoisotopic,370.206888
MEL-Asn,Monoisotopic,328.148708
MEL-Asp,Monoisotopic,329.132718
MEL-Cys,Monoisotopic,317.114968
MEL-Gln,Monoisotopic,342.164358
MEL-Glu,Monoisotopic,343.148368
MEL-Gly,Monoisotopic,271.127238
MEL-His,Monoisotopic,351.164688
MEL-Ile,Monoisotopic,327.189838
MEL-Leu,Monoisotopic,327.189838
MEL-Lys,Monoisotopic,342.200738
MEL-Met,Monoisotopic,345.146268
MEL-Phe,Monoisotopic,361.174188
MEL-Pro,Monoisotopic,311.158538
MEL-Ser,Monoisotopic,301.137808
MEL-Thr,Monoisotopic,315.153458
MEL-Trp,Monoisotopic,400.185088
MEL-Tyr,Monoisotopic,377.169108
MEL-Val,Monoisotopic,313.174188
N-coumaroylMEL,Monoisotopic,378.157957
sinapoylMEL,Monoisotopic,438.179087
Putrescine,Monoisotopic,88.100048
Cadaverine,Monoisotopic,102.115698
Spermidine,Monoisotopic,145.157898
Spermine,Monoisotopic,202.215747
caldopentamine,Monoisotopic,245.257946
caldohexamine,Monoisotopic,302.315795
tris(3-aminopropyl) amine,Monoisotopic,188.200097
tetrakis(3-aminopropyl) ammonium,Monoisotopic,246.265771
Salicyclic acid,Monoisotopic,138.031694
5-deoxystrigol,Monoisotopic,330.1467
orobanchol,Monoisotopic,346.1416
orobanchyl acetate,Monoisotopic,388.1522
sorgolactone,Monoisotopic,316.1311
strigol,Monoisotopic,346.1416
strigyl acetate,Monoisotopic,388.1522
Glyphosate,Monoisotopic,169.01401
Aminomethylphosphonic Acid,Monoisotopic,111.00853
Thidiazuron,Monoisotopic,220.04188
Thidiazuron (dimer),Monoisotopic,440.08376
Thidiazuron (trimer),Monoisotopic,660.12564
Thidiazuron (tetramer),Monoisotopic,880.16752
"2,3-dihydroxyindole",Monoisotopic,149.0477
2-amino-3-carboxymuconic acid-semialdehyde,Monoisotopic,185.032425
2-aminomuconate,Monoisotopic,157.0375
2-Aminomuconic semialdehyde,Monoisotopic,141.042593
2-aminophenol,Monoisotopic,109.0528
2-formamino-benzoylacetate,Monoisotopic,207.0532
2-formylamino-benzaldehyde,Monoisotopic,149.0477
2-oxoadipate,Monoisotopic,160.0372
2-oxoindole-3-acetate,Monoisotopic,191.0582
3/5-hydroxykynurenine,Monoisotopic,224.079712
3-hydroxyanthranilate,Monoisotopic,152.035324
3-hydroxy-butanoyl-coa,Monoisotopic,853.152
3-hydroxykynuramine,Monoisotopic,180.0899
3-indoleglycol-aldehyde,Monoisotopic,175.0633
3-methoxy-anthranilate,Monoisotopic,167.0582
3-methyl-dioxyindole,Monoisotopic,163.0633
3-methyl-indolepyruvate,Monoisotopic,217.079
"4-(2-amino-5-hydroxyphenyl)-2,4-dioxobutanoate",Monoisotopic,223.0481
"4,6-dihydroxyquinoline",Monoisotopic,161.0477
"4,8-dihydroxyquinoline",Monoisotopic,161.0477
"5-(2'-carboxyethyl)-4,6-dihydroxypicolinate",Monoisotopic,227.043
"5-(2'-formylethyl)-4,6-dihydroxypicolinate",Monoisotopic,211.0481
"5-(3'-carboxy-3'-oxopropenyl)-4,6-dihydroxypicolinate",Monoisotopic,253.0223
"5-(3'-carboxy-3'-oxopropyl)-4,6-dihydroxypicolinate",Monoisotopic,255.0379
5-HTP,Monoisotopic,220.084793
5-hydroxyindole-acetaldehyde,Monoisotopic,175.0633
5-hydroxy-indoleacetate,Monoisotopic,191.0582
5-hydroxyindole-acetylglycine,Monoisotopic,248.0797
5-hydroxy-indolepyruvate,Monoisotopic,219.0532
5-hydroxy-kynureamine,Monoisotopic,180.0899
5-hydroxy-N-formylkynurenine,Monoisotopic,252.0746
5-methoxy-indoleacetate,Monoisotopic,205.0739
5-methoxytryptamine,Monoisotopic,190.1106
6-hydroxy-kynurenate,Monoisotopic,205.0375
"7,8-dihydroxykynurenate",Monoisotopic,221.0324
"7,8-hidydro-7,8-dihydroxykynurenate",Monoisotopic,223.0481
8-methoxy-kynurenate,Monoisotopic,219.0532
acetoacetyl coa,Monoisotopic,851.1363
acetyl coa,Monoisotopic,809.1258
acetylindoxyl,Monoisotopic,175.0633
aminomuconate,Monoisotopic,156.029683
aniline,Monoisotopic,93.057846
anthranilate,Monoisotopic,136.040405
cinnavalininate,Monoisotopic,300.0382
crotonyl-coA,Monoisotopic,835.1414
formyl-5-hydroxy-kynureamine,Monoisotopic,208.0848
formylanthranilate,Monoisotopic,164.034768
formylkynurenine,Monoisotopic,236.079712
formyl-n-acetyl-5-methoxykynureamine,Monoisotopic,264.111
gamma-oxalo-crotonate,Monoisotopic,158.0215
glucobrassicin,Monoisotopic,448.061
glutaryl CoA,Monoisotopic,881.1469
hydroxymelatonin,Monoisotopic,248.1161
indol-3-yl-lactate,Monoisotopic,205.0739
indole,Monoisotopic,117.0578
indole-3-acetaldehyde,Monoisotopic,159.0684
indole-3-acetaldoxime,Monoisotopic,174.0793
indole-3-ethanol,Monoisotopic,161.0841
indole-3-thiohydroximate,Monoisotopic,206.0514
indolepyruvate,Monoisotopic,203.0582
indolylmethyldesulfoglucosinolate,Monoisotopic,368.1042
indoxyl,Monoisotopic,133.0528
isophenoxazine,Monoisotopic,212.0586
kynurenate,Monoisotopic,189.0426
kynurenine,Monoisotopic,208.084793
N-acetylisatin,Monoisotopic,189.0426
n-acetylserotonin,Monoisotopic,218.1055
n-hydroxy-tryptamine,Monoisotopic,176.095
nicotinic acid mononucleotide,Monoisotopic,336.047882
n-methylserotonin,Monoisotopic,190.1106
N-methyltryptamine,Monoisotopic,174.1157
picolinate,Monoisotopic,123.032028
quinolinate,Monoisotopic,172.040405
quinolinic acid,Monoisotopic,167.021858
skatole,Monoisotopic,131.0735
xanthurenate,Monoisotopic,205.0375
7/9-hydroxy-ABA,M.plus.H,282.146725
Abscisic acd,M.plus.H,265.143984
dihydrophaseic acid,M.plus.H,283.154549
neophaseic acid,M.plus.H,280.131074
phaseic acid,M.plus.H,281.138899
Mitragynine,M.plus.H,399.228382
Secologanin,M.plus.H,389.144775
Strictosidine,M.plus.H,531.234255
camptothecin,M.plus.H,349.118835
Reserpine,M.plus.H,609.281205
Lysergic Acid,M.plus.H,269.129005
Ibogaine,M.plus.H,313.227985
Ibogamine,M.plus.H,281.201775
Voacangine,M.plus.H,369.217815
Catharanthine,M.plus.H,337.191605
Yohimbine,M.plus.H,355.202165
"N,N-Dimethyltryptamine",M.plus.H,189.139175
Strictosamide,M.plus.H,499.208045
2-oxo-indole-3-acetic acid,M.plus.H,192.191185
anthranilic acid,M.plus.H,138.055503
IAA alanine,M.plus.H,247.108267
IAA aspartate,M.plus.H,451.13527
IAA glutamate,M.plus.H,465.15092
IAA glycine,M.plus.H,233.243105
IAA leucine,M.plus.H,289.155218
IAA phenylalanine,M.plus.H,323.139567
IAA valine,M.plus.H,290.126657
indole-3-acetamide,M.plus.H,525.277813
indole-3-acetic acid,M.plus.H,176.071154
indole-3-acetonitrile,M.plus.H,157.076573
indole-3-butyric acid,M.plus.H,204.102454
24-epicastasterone,M.plus.H,465.358
28-norcastasterone,M.plus.H,451.34235
brassinolide,M.plus.H,481.352914
castasterone,M.plus.H,465.358
cinnamoyl serotonin,M.plus.H,307.144653
dolicholide,M.plus.H,479.337264
dolichosterone,M.plus.H,463.34235
homobrassinolide,M.plus.H,495.368564
homocastasterone,M.plus.H,479.37365
homodolicholide,M.plus.H,493.352914
homodolichosterone,M.plus.H,477.358
norbrassinolide,M.plus.H,467.337264
teasterone,M.plus.H,449.363085
typhasterol,M.plus.H,449.363085
betalamic acid,M.plus.H,212.055897
cyclo-dopa,M.plus.H,196.060983
cyclo-dopa-5-O-glucoside,M.plus.H,358.113806
dopamine,M.plus.H,154.086804
dopaquinone,M.plus.H,196.060983
Epinephrine,M.plus.H,184.097368
levodopa,M.plus.H,198.076633
norepinephrine,M.plus.H,170.081718
tyramine,M.plus.H,138.091889
Tyrosine,M.plus.H,182.081718
octopamine ,M.plus.H,154.086795
2-methylthio-cis-zeatin,M.plus.H,266.107557
2-methylthio-cis-zeatin riboside,M.plus.H,398.149815
2-methylthio-isopentenyladenine,M.plus.H,250.112642
2-methylthio-isopentenyladenosine,M.plus.H,382.154902
dihydrozeatin,M.plus.H,222.135485
dihydrozeatin riboside-O-glucoside,M.plus.H,516.23057
dihydrozeatin-(7/9)-glucoside,M.plus.H,384.188309
kinetin,M.plus.H,216.088535
kinetin-9-glucoside,M.plus.H,378.14136
kinetin-riboside,M.plus.H,348.130795
N6-benzyladenine,M.plus.H,226.10927
N6-benzyladenine riboside,M.plus.H,358.151529
N6-benzyladenine-(7/9)-glucoside,M.plus.H,520.204354
N6-isopentenyladenine,M.plus.H,204.12492
N6-isopentenyladenine-(7/9)-glucoside,M.plus.H,366.177747
N6-isopentenyladenosine,M.plus.H,336.167175
para/meta/ortho-topolin,M.plus.H,242.104185
para/meta/ortho-topolin riboside,M.plus.H,374.146444
para/meta/ortho-topolin-9-glucoside,M.plus.H,420.151923
zeatin,M.plus.H,220.119835
zeatin riboside,M.plus.H,352.162094
zeatin riboside-O-glucoside,M.plus.H,514.214917
zeatin-(7/9/O)-glucoside,M.plus.H,382.172658
Gibberellin A1,M.plus.H,349.165113
Gibberellin A15,M.plus.H,345.206584
Gibberellin A19,M.plus.H,363.180764
Gibberellin A24,M.plus.H,347.185849
Gibberellin A29,M.plus.H,349.165113
Gibberellin A3,M.plus.H,347.149463
Gibberellin A34,M.plus.H,349.165113
Gibberellin A4,M.plus.H,333.170199
Gibberellin A44,M.plus.H,347.185849
Gibberellin A5,M.plus.H,331.154549
Gibberellin A51,M.plus.H,333.170199
Gibberellin A53,M.plus.H,349.201499
Gibberellin A6,M.plus.H,347.149463
Gibberellin A8,M.plus.H,365.160028
(2/4/6/7)-hydroxymelatonin,M.plus.H,249.123914
5-Methoxy-1H-indole-3-carbaldehyde,M.plus.H,176.071154
5-methoxyindole-3 acetic acid,M.plus.H,206.081718
5-methoxytryptamine; O-methylserotonin,M.plus.H,191.118438
5-methoxytryptophol,M.plus.H,192.102453
bufotenine,M.plus.H,205.134088
cyclic (3)-hydroxymelatonin,M.plus.H,247.108267
cyclic-melatonin,M.plus.H,231.113352
feruloyl serotonin,M.plus.H,353.150132
kynuramine,M.plus.H,165.102788
melatonin,M.plus.H,233.129003
N1-acetyl-5-methoxykynuramine,M.plus.H,237.123917
N6-N2-formyl-5-methoxykynuramine,M.plus.H,265.118832
serotonin,M.plus.H,177.102788
tryptamine,M.plus.H,161.107873
tryptophan,M.plus.H,205.097703
12-hydroxy-jasmonic acid,M.plus.H,389.181157
3-oxo-2-(2-(Z)-pentenyl)cyclopentane-1-butyric acid,M.plus.H,239.16472
3-oxo-2-(2-(Z)-pentenyl)cyclopentane-1-hexanoic acid,M.plus.H,267.19602
"9,10-dihydrojasmonic acid",M.plus.H,213.149069
cis-12-oxo-phytodienoic acid,M.plus.H,293.21167
dinor-12-oxo-phytodienoic acid,M.plus.H,265.180572
JA-isoleucine,M.plus.H,323.209658
JA-pheylalanine,M.plus.H,361.188924
jasmonic acid,M.plus.H,211.133419
JA-tryptophan,M.plus.H,400.199823
JA-valine,M.plus.H,313.188924
KAR1,M.plus.H,151.039515
KAR11,M.plus.H,173.045025
KAR2,M.plus.H,137.023825
KAR3,M.plus.H,165.055125
KAR4,M.plus.H,165.055125
KAR5,M.plus.H,151.039525
KAR6,M.plus.H,151.039525
caffeoylMEL,M.plus.H,395.160697
cinnamoylMEL,M.plus.H,363.170868
feruloylMEL,M.plus.H,409.176347
MEL-Ala,M.plus.H,286.150713
MEL-Arg,M.plus.H,371.214713
MEL-Asn,M.plus.H,329.156533
MEL-Asp,M.plus.H,330.140543
MEL-Cys,M.plus.H,318.122793
MEL-Gln,M.plus.H,343.172183
MEL-Glu,M.plus.H,344.156193
MEL-Gly,M.plus.H,272.135063
MEL-His,M.plus.H,352.172513
MEL-Ile,M.plus.H,328.197663
MEL-Leu,M.plus.H,328.197663
MEL-Lys,M.plus.H,343.208563
MEL-Met,M.plus.H,346.154093
MEL-Phe,M.plus.H,362.182013
MEL-Pro,M.plus.H,312.166363
MEL-Ser,M.plus.H,302.145633
MEL-Thr,M.plus.H,316.161283
MEL-Trp,M.plus.H,401.192913
MEL-Tyr,M.plus.H,378.176933
MEL-Val,M.plus.H,314.182013
N-coumaroylMEL,M.plus.H,379.165782
sinapoylMEL,M.plus.H,439.186912
Putrescine,M.plus.H,89.107873
Cadaverine,M.plus.H,103.123523
Spermidine,M.plus.H,146.165723
Spermine,M.plus.H,203.223572
caldopentamine,M.plus.H,246.265771
caldohexamine,M.plus.H,303.32362
tris(3-aminopropyl) amine,M.plus.H,189.207922
tetrakis(3-aminopropyl) ammonium,M.plus.H,247.273596
Salicyclic acid,M.plus.H,139.039519
5-deoxystrigol,M.plus.H,331.154525
orobanchol,M.plus.H,347.149425
orobanchyl acetate,M.plus.H,389.160025
sorgolactone,M.plus.H,317.138925
strigol,M.plus.H,347.149425
strigyl acetate,M.plus.H,389.160025
Glyphosate,M.plus.H,170.021835
Aminomethylphosphonic Acid,M.plus.H,112.016355
Thidiazuron,M.plus.H,221.049705
Thidiazuron (dimer),M.plus.H,441.091585
Thidiazuron (trimer),M.plus.H,661.133465
Thidiazuron (tetramer),M.plus.H,881.175345
"2,3-dihydroxyindole",M.plus.H,150.055525
2-amino-3-carboxymuconic acid-semialdehyde,M.plus.H,186.04025
2-aminomuconate,M.plus.H,158.045325
2-Aminomuconic semialdehyde,M.plus.H,142.050418
2-aminophenol,M.plus.H,110.060625
2-formamino-benzoylacetate,M.plus.H,208.061025
2-formylamino-benzaldehyde,M.plus.H,150.055525
2-oxoadipate,M.plus.H,161.045025
2-oxoindole-3-acetate,M.plus.H,192.066025
3/5-hydroxykynurenine,M.plus.H,225.087537
3-hydroxyanthranilate,M.plus.H,153.043149
3-hydroxy-butanoyl-coa,M.plus.H,854.159825
3-hydroxykynuramine,M.plus.H,181.097725
3-indoleglycol-aldehyde,M.plus.H,176.071125
3-methoxy-anthranilate,M.plus.H,168.066025
3-methyl-dioxyindole,M.plus.H,164.071125
3-methyl-indolepyruvate,M.plus.H,218.086825
"4-(2-amino-5-hydroxyphenyl)-2,4-dioxobutanoate",M.plus.H,224.055925
"4,6-dihydroxyquinoline",M.plus.H,162.055525
"4,8-dihydroxyquinoline",M.plus.H,162.055525
"5-(2'-carboxyethyl)-4,6-dihydroxypicolinate",M.plus.H,228.050825
"5-(2'-formylethyl)-4,6-dihydroxypicolinate",M.plus.H,212.055925
"5-(3'-carboxy-3'-oxopropenyl)-4,6-dihydroxypicolinate",M.plus.H,254.030125
"5-(3'-carboxy-3'-oxopropyl)-4,6-dihydroxypicolinate",M.plus.H,256.045725
5-HTP,M.plus.H,221.092618
5-hydroxyindole-acetaldehyde,M.plus.H,176.071125
5-hydroxy-indoleacetate,M.plus.H,192.066025
5-hydroxyindole-acetylglycine,M.plus.H,249.087525
5-hydroxy-indolepyruvate,M.plus.H,220.061025
5-hydroxy-kynureamine,M.plus.H,181.097725
5-hydroxy-N-formylkynurenine,M.plus.H,253.082425
5-methoxy-indoleacetate,M.plus.H,206.081725
5-methoxytryptamine,M.plus.H,191.118425
6-hydroxy-kynurenate,M.plus.H,206.045325
"7,8-dihydroxykynurenate",M.plus.H,222.040225
"7,8-hidydro-7,8-dihydroxykynurenate",M.plus.H,224.055925
8-methoxy-kynurenate,M.plus.H,220.061025
acetoacetyl coa,M.plus.H,852.144125
acetyl coa,M.plus.H,810.133625
acetylindoxyl,M.plus.H,176.071125
aminomuconate,M.plus.H,157.037508
aniline,M.plus.H,94.065671
anthranilate,M.plus.H,137.04823
cinnavalininate,M.plus.H,301.046025
crotonyl-coA,M.plus.H,836.149225
formyl-5-hydroxy-kynureamine,M.plus.H,209.092625
formylanthranilate,M.plus.H,165.042593
formylkynurenine,M.plus.H,237.087537
formyl-n-acetyl-5-methoxykynureamine,M.plus.H,265.118825
gamma-oxalo-crotonate,M.plus.H,159.029325
glucobrassicin,M.plus.H,449.068825
glutaryl CoA,M.plus.H,882.154725
hydroxymelatonin,M.plus.H,249.123925
indol-3-yl-lactate,M.plus.H,206.081725
indole,M.plus.H,118.065625
indole-3-acetaldehyde,M.plus.H,160.076225
indole-3-acetaldoxime,M.plus.H,175.087125
indole-3-ethanol,M.plus.H,162.091925
indole-3-thiohydroximate,M.plus.H,207.059225
indolepyruvate,M.plus.H,204.066025
indolylmethyldesulfoglucosinolate,M.plus.H,369.112025
indoxyl,M.plus.H,134.060625
isophenoxazine,M.plus.H,213.066425
kynurenate,M.plus.H,190.050425
kynurenine,M.plus.H,209.092618
N-acetylisatin,M.plus.H,190.050425
n-acetylserotonin,M.plus.H,219.113325
n-hydroxy-tryptamine,M.plus.H,177.102825
nicotinic acid mononucleotide,M.plus.H,337.055707
n-methylserotonin,M.plus.H,191.118425
N-methyltryptamine,M.plus.H,175.123525
picolinate,M.plus.H,124.039853
quinolinate,M.plus.H,173.04823
quinolinic acid,M.plus.H,168.029683
skatole,M.plus.H,132.081325
xanthurenate,M.plus.H,206.045325
